Plan Name,Features,Minimum Investment,Eligibility,Contact Email,Contact Number
RetireWell 401(k),Tax-deferred contributions,"₹50,000 per annum",Age 18-60 years,retirewell@example.com,1800-123-4567
SecureRetire Annuity,Guaranteed returns,"₹25,000 per annum",Age 30-65 years,secureretire@example.com,1800-567-8901
FutureNest Retirement Fund,Flexible investment options,"₹10,000 monthly SIP",Age 22-58 years,futurenest@example.com,1800-234-5678
PensionPlus Savings Scheme,Tax benefits under Section 80C,"₹5,000 per month",Age 20-50 years,pensionplus@example.com,1800-345-6789
WealthRetire Plan,Investment diversification,"₹75,000 per annum",Age 28-60 years,wealthretire@example.com,1800-876-5432
SmartSaver Pension Scheme,Auto-adjusting portfolio,"₹20,000 quarterly",Age 25-55 years,smartsaver@example.com,1800-345-6780
GoldenSun Retirement Annuity,Life cover option,"₹1,50,000 lump sum",Age 35-65 years,goldensun@example.com,1800-789-0123
FlexiSecure Retirement Fund,Partial withdrawal allowed,"₹15,000 monthly SIP",Age 30-55 years,flexisecure@example.com,1800-234-5670
EduPension Plan,Education benefit for children,"₹8,000 per month",Age 25-50 years,edupension@example.com,1800-456-7890
DreamRetire Life Annuity,Customizable maturity age,"₹50,000 annually",Age 20-60 years,dreamretire@example.com,1800-890-1234
SecureNest Retirement Scheme,Tax-free withdrawals,"₹30,000 per annum",Age 30-65 years,securenest@example.com,1800-567-8901
FreedomPension Fund,Flexible contribution options,"₹12,000 monthly SIP",Age 22-58 years,freedomfund@example.com,1800-234-5678
EcoSaver Retirement Plan,Sustainable investment options,"₹40,000 per annum",Age 25-55 years,ecosaver@example.com,1800-345-6789
SunriseRetire Annuity,Guaranteed income for life,"₹2,00,000 lump sum",Age 35-70 years,sunriseretire@example.com,1800-789-0123
WiseChoice Pension Scheme,Smart investment advisory,"₹25,000 quarterly",Age 28-60 years,wisechoice@example.com,1800-876-5432
GoldenNest Retirement Fund,High growth potential,"₹18,000 monthly SIP",Age 30-65 years,goldennest@example.com,1800-345-6780
SecureLife Pension Plan,Life cover with monthly payout,"₹1,20,000 lump sum",Age 25-55 years,securelife@example.com,1800-789-0123
FlexibleRetire Savings Scheme,Flexibility to change contribution,"₹10,000 per month",Age 22-58 years,flexibleretire@example.com,1800-234-5670
SavingsPlus Retirement Annuity,Additional savings options,"₹60,000 annually",Age 30-65 years,savingsplus@example.com,1800-456-7890
FutureDream Pension Fund,Growth-oriented investment,"₹14,000 monthly SIP",Age 20-50 years,futuredream@example.com,1800-890-1234
PioneerRetire Plan,Early retirement option,"₹35,000 per annum",Age 25-55 years,pioneerretire@example.com,1800-567-8901
SmartSecure Retirement Scheme,Secure investment with insurance,"₹22,000 quarterly",Age 30-65 years,smartsecure@example.com,1800-234-5678
GoldenOpportunity Pension,Opportunity for high returns,"₹1,80,000 lump sum",Age 28-60 years,goldenopportunity@example.com,1800-876-5432
SunsetRetire Annuity,Guaranteed principal protection,"₹18,000 per annum",Age 35-70 years,sunsetretire@example.com,1800-345-6789
EasyLife Pension Plan,Simplified investment process,"₹8,000 per month",Age 22-58 years,easylife@example.com,1800-789-0123
SteadyGrowth Retirement Fund,Steady and consistent growth,"₹12,000 monthly SIP",Age 25-55 years,steadygrowth@example.com,1800-234-5670
SecureFuture Savings Scheme,Insurance coverage with savings,"₹50,000 annually",Age 30-65 years,securefuture@example.com,1800-456-7890
DreamBuilder Pension Fund,Build your dream retirement,"₹16,000 monthly SIP",Age 20-50 years,dreambuilder@example.com,1800-890-1234
OptimalRetire Annuity,Optimized investment strategy,"₹2,50,000 lump sum",Age 35-70 years,optimalretire@example.com,1800-567-8902
EcoFriendly Pension Plan,Environmentally conscious options,"₹7,000 per month",Age 22-58 years,ecofriendly@example.com,1800-234-5671
GlobalGrowth Retirement Fund,International investment opportunities,"₹15,000 monthly SIP",Age 25-55 years,globalgrowth@example.com,1800-345-6782
SafeHarbor Savings Scheme,Capital protection with steady returns,"₹30,000 per annum",Age 30-65 years,safeharbor@example.com,1800-456-7893
FamilySecurity Pension Scheme,Protection for you and your family,"₹10,000 quarterly",Age 28-60 years,familysecurity@example.com,1800-567-8904
InnovateRetire Plan,Innovative investment solutions,"₹40,000 per annum",Age 30-55 years,innovateretire@example.com,1800-234-5675
HarmonyRetirement Fund,Balanced portfolio for stable growth,"₹20,000 monthly SIP",Age 22-58 years,harmonyfund@example.com,1800-345-6786
GoldenYears Plus Annuity,Extended lifetime income options,"₹1,80,000 lump sum",Age 35-65 years,goldenyearsplus@example.com,1800-789-0127
DynamicSecure Retirement Scheme,Adaptable investment with security,"₹25,000 quarterly",Age 28-60 years,dynamicsecure@example.com,1800-876-5438
RainbowRetire Pension,Diverse investment opportunities,"₹12,000 monthly SIP",Age 30-65 years,rainbowretire@example.com,1800-234-5679
ForeverYoung Savings Scheme,Long-term savings for eternal youth,"₹55,000 annually",Age 25-55 years,foreveryoung@example.com,1800-456-7890
TechSavvy Retirement Fund,Technology-driven investment solutions,"₹14,000 monthly SIP",Age 22-58 years,techsavvyfund@example.com,1800-890-1231
GoldenHarvest Annuity,Reap the rewards of a golden retirement,"₹2,50,000 lump sum",Age 35-70 years,goldenharvest@example.com,1800-567-8902
GreenEarth Pension Plan,Invest in a sustainable future,"₹7,000 per month",Age 22-58 years,greenearth@example.com,1800-234-5671
BlueChip Retirement Fund,High-performing investment options,"₹15,000 monthly SIP",Age 25-55 years,bluechip@example.com,1800-345-6782
SureGuard Savings Scheme,Reliable capital protection,"₹30,000 per annum",Age 30-65 years,sureguard@example.com,1800-456-7893
Generations Pension Scheme,Financial security for generations,"₹10,000 quarterly",Age 28-60 years,generations@example.com,1800-567-8904
SustainableRetire Plan,Sustainability meets retirement planning,"₹40,000 per annum",Age 30-55 years,sustainableretire@example.com,1800-234-5675
PinnacleRetirement Fund,Reach the pinnacle of financial freedom,"₹20,000 monthly SIP",Age 22-58 years,pinnacleretire@example.com,1800-345-6786
EternalSun Annuity,Lifetime of sunshine with guaranteed income,"₹1,80,000 lump sum",Age 35-65 years,eternalsun@example.com,1800-789-0127
AdaptiveSecure Retirement Scheme,Flexibility and security combined,"₹25,000 quarterly",Age 28-60 years,adaptivesecure@example.com,1800-876-5438
CelestialPension Plan,Invest among the stars for celestial returns,"₹12,000 monthly SIP",Age 30-65 years,celestialplan@example.com,1800-234-5679
LegacySaver Savings Scheme,Build a legacy of financial stability,"₹55,000 annually",Age 25-55 years,legacysaver@example.com,1800-456-7890
AI-driven Retirement Fund,Harness the power of artificial intelligence,"₹14,000 monthly SIP",Age 22-58 years,aidrivenfund@example.com,1800-890-1231
